{
  "rf": [
    0.3322064062499999,
    0.3328233593750001,
    0.334970234375
  ],
  "xgb": [
    0.346108078956604,
    0.3077535629272461,
    0.34244319796562195
  ],
  "lgb": [
    -1.2887745467805902,
    -1.3071003618998416,
    -1.26385545311882
  ]
}